class_name,instances,instance_share,images_with_class,image_prevalence,mean_bbox_area,median_bbox_area,mean_bbox_w,mean_bbox_h,mean_aspect_ratio,mean_x_center,mean_y_center,mean_image_density,mean_crowding_others
B1,2169,0.12084238676249373,1805,0.4521543086172345,0.01785350192918211,0.014007240252999998,0.14041004241585983,0.11453138865836791,1.2376083713448218,0.502093102351314,0.4510257030889811,5.2051636698939605,4.2051636698939605
B2,4078,0.2271992868683492,2435,0.6099699398797596,0.013839972307514468,0.010677903941,0.12246552820009808,0.10089299705738107,1.2296311338907078,0.4939945350662089,0.4268879144188328,5.192741539970574,4.192741539970574
B3,8270,0.46074990250153214,3536,0.8857715430861723,0.012797097468957195,0.0096771353725,0.11759305356711004,0.09569965659008464,1.2608772920835951,0.5011515025392986,0.3801934402660217,5.1148730350665055,4.1148730350665055
B4,3432,0.19120842386762493,2186,0.5475951903807615,0.009050271854824883,0.007229388974999999,0.1023645641025641,0.07912582196969697,1.3303548879803404,0.4982803050699301,0.33624731468531466,5.396561771561772,4.396561771561772
