class_combo,images,support
B2+B3+B4,645,0.16500383729854182
B1+B2+B3+B4,568,0.14530570478383217
B2+B3,515,0.13174724993604503
B1+B2+B3,450,0.11511895625479662
B3+B4,434,0.11102583781018163
B1+B3+B4,374,0.09567664364287541
B3,351,0.08979278587874137
B1+B3,199,0.05090816065489895
B1+B2,125,0.031977487848554614
B2,61,0.015605014070094653
B4,58,0.014837554361729342
B2+B4,40,0.010232796111537478
B1+B4,36,0.00920951650038373
B1+B2+B4,31,0.007930416986441546
B1,22,0.005628037861345613
