scenario,model,runs,mean_mAP50,mean_mAP5095,mean_precision,mean_recall
all_data,YOLOv9c,2,0.5045,0.228,0.484,0.5994999999999999
damimas_only,YOLOv9c,2,0.5025,0.227,0.4925,0.6014999999999999
damimas_only,YOLO26l,2,0.46699999999999997,0.21150000000000002,0.45,0.543
all_data,YOLO26l,2,0.459,0.20850000000000002,0.4485,0.537
lonsum_only,YOLOv9c,2,0.28200000000000003,0.1051,0.3275,0.33499999999999996
lonsum_only,YOLO26l,2,0.2215,0.08605,0.29700000000000004,0.28049999999999997
