class_name,mean_mAP50,mean_mAP5095,mean_precision,mean_recall,mean_f1
B1,0.7001666666666666,0.33041666666666664,0.5979166666666667,0.7376666666666667,0.6561666666666667
B3,0.41041666666666665,0.1699166666666667,0.42191666666666666,0.5333333333333333,0.46849999999999997
B2,0.28458333333333335,0.12560833333333335,0.3285,0.396175,0.3405833333333333
B4,0.22934166666666667,0.08498333333333334,0.31816666666666665,0.26356666666666667,0.2853333333333333
