class_a,class_b,images_with_both,support_a,support_b,support_both,confidence_a_to_b,confidence_b_to_a,lift,expected_if_independent,excess_pairings
B1,B2,1174,0.46175492453312866,0.622921463289844,0.30033256587362495,0.6504155124653739,0.48213552361396295,1.0441372641589923,1124.3732412381685,49.626758761831525
B3,B4,2021,0.904579176259913,0.5592223074955232,0.5170120235354311,0.5715497737556561,0.92451967063129,1.0220439458421133,1977.4100793041698,43.58992069583019
B1,B4,1009,0.46175492453312866,0.5592223074955232,0.25812228191353287,0.5590027700831025,0.4615736505032022,0.9996074237213394,1009.3962650294192,-0.39626502941916897
B2,B3,2178,0.622921463289844,0.904579176259913,0.5571757482732157,0.8944558521560575,0.6159502262443439,0.9888088026238769,2202.6502941928884,-24.650294192888396
B1,B3,1591,0.46175492453312866,0.904579176259913,0.4070094653364032,0.8814404432132965,0.44994343891402716,0.974420444717414,1632.765413149143,-41.76541314914289
B2,B4,1284,0.622921463289844,0.5592223074955232,0.328472755180353,0.5273100616016426,0.5873741994510521,0.9429345978045841,1361.7063187515992,-77.70631875159916
