class_name,precision,recall,overall_accuracy
B1,0.7702702702702703,0.7125,0.528125
B2,0.39361702127659576,0.4625,0.528125
B3,0.42028985507246375,0.3625,0.528125
B4,0.5542168674698795,0.575,0.528125
