source,class_name,instances,instance_share_within_source,images_with_class,image_prevalence_within_source,mean_bbox_area,mean_y_center
DAMIMAS,B1,2152,0.12716421438279266,1790,0.4977753058954394,0.017902533084443773,0.4511788099442379
DAMIMAS,B2,3924,0.2318737812444602,2325,0.646551724137931,0.014028889371978848,0.42824611620795106
DAMIMAS,B3,7593,0.4486793121786917,3211,0.89293659621802,0.013253189925259977,0.3815859872250757
DAMIMAS,B4,3254,0.19228269219405542,2057,0.5720244716351501,0.00920504177218193,0.3361832805777505
LONSUM,B1,17,0.016569200779727095,15,0.03787878787878788,0.011646734510176471,0.4316441764705883
LONSUM,B2,154,0.15009746588693956,110,0.2777777777777778,0.009026267366227272,0.3922802272727272
LONSUM,B3,677,0.6598440545808967,325,0.8207070707070707,0.0076817207766277686,0.3645751107828656
LONSUM,B4,178,0.17348927875243664,129,0.32575757575757575,0.006220938646511236,0.337417915730337
