split,source,images,trees,instances,empty_images,avg_objects_per_image,image_share_in_split,instance_share_in_split
test,DAMIMAS,556,130,2530,11,4.5503597122302155,0.9084967320261438,0.9377316530763529
test,LONSUM,56,14,168,2,3.0,0.0915032679738562,0.06226834692364715
train,DAMIMAS,2492,597,11706,28,4.697431781701445,0.898989898989899,0.9420569773056494
train,LONSUM,280,70,720,29,2.5714285714285716,0.10101010101010101,0.05794302269435055
val,DAMIMAS,548,127,2687,9,4.903284671532846,0.9013157894736842,0.9511504424778761
val,LONSUM,60,15,138,4,2.3,0.09868421052631579,0.048849557522123895
